{"cameraMode":{"drawMode":0,"name":"Shaded","section":"Shading Mode"},"sceneLighting":true,"audioPlay":false,"sceneViewState":{"showFog":true,"showMaterialUpdate":false,"showSkybox":true,"showFlares":true,"showImageEffects":true,"showParticleSystems":true},"in2DMode":false,"pivot":{"x":-312.7093811035156,"y":-343.26641845703127,"z":-76.79290008544922},"rotation":{"x":0.24353371560573579,"y":-0.7238362431526184,"z":0.31186598539352419,"w":0.5652362108230591},"size":531.6273803710938,"orthographic":false}